INSERT INTO genre (id, name, picture_file_name, display_order, protected, created) VALUES (0, 'None', 'notdefined.png', 1000, 0, NULL);
INSERT INTO genre (id, name, picture_file_name, display_order, protected, created) VALUES (1, 'Documentary', 'documentary.png', 6, 0, NULL);
INSERT INTO genre (id, name, picture_file_name, display_order, protected, created) VALUES (2, 'Horror', 'horror.png', 7, 0, NULL);
INSERT INTO genre (id, name, picture_file_name, display_order, protected, created) VALUES (3, 'Children', 'children.png', 1, 0, NULL);
INSERT INTO genre (id, name, picture_file_name, display_order, protected, created) VALUES (4, 'SF-Fantasy', 'sf.png', 2, 0, NULL);
INSERT INTO genre (id, name, picture_file_name, display_order, protected, created) VALUES (6, 'Romance', 'romance.png', 3, 0, NULL);
INSERT INTO genre (id, name, picture_file_name, display_order, protected, created) VALUES (9, 'Comedy', 'comedy.png', 4, 0, NULL);
INSERT INTO genre (id, name, picture_file_name, display_order, protected, created) VALUES (15, 'Action', 'action.png', 5, 0, NULL);
INSERT INTO genre (id, name, picture_file_name, display_order, protected, created) VALUES (18, 'Slovak Movies', 'slovak.png', 5, 0, NULL);
INSERT INTO language (id, lang, name, picture_file_name, display_order, created) VALUES (1, 'en', 'English', NULL, 1, NULL);
INSERT INTO language (id, lang, name, picture_file_name, display_order, created) VALUES (2, 'sk', 'Slovak', NULL, 2, NULL);
INSERT INTO language (id, lang, name, picture_file_name, display_order, created) VALUES (3, 'de', 'German', NULL, 4, NULL);
INSERT INTO language (id, lang, name, picture_file_name, display_order, created) VALUES (0, '  ', '(None)', NULL, 0, NULL);
INSERT INTO language (id, lang, name, picture_file_name, display_order, created) VALUES (4, 'cz', 'Czech', NULL, 3, NULL);
INSERT INTO serie (id, name, picture_file_name, display_order, genre_id, created, tv_show) VALUES (0, 'Not defined', 'notdefined.png', 0, 0, NULL, false);
INSERT INTO serie (id, name, picture_file_name, display_order, genre_id, created, tv_show) VALUES (1, 'MASH', 'mash.jpeg', 1, 15, NULL, true);
INSERT INTO serie (id, name, picture_file_name, display_order, genre_id, created, tv_show) VALUES (2, 'Lord of the Rings', 'lotr.jpeg', 1, 4, NULL, false);
INSERT INTO serie (id, name, picture_file_name, display_order, genre_id, created, tv_show) VALUES (3, 'Harry Potter', 'harrypotter.jpeg', 2, 4, NULL, false);
INSERT INTO serie (id, name, picture_file_name, display_order, genre_id, created, tv_show) VALUES (4, 'Alien', 'alien.jpeg', 3, 4, NULL, false);
INSERT INTO serie (id, name, picture_file_name, display_order, genre_id, created, tv_show) VALUES (5, 'Lolek a Bolek', 'lolekbolek.jpeg', 3, 3, NULL, true);
INSERT INTO serie (id, name, picture_file_name, display_order, genre_id, created, tv_show) VALUES (6, 'Tip a Tap', 'tiptap.jpeg', 4, 3, NULL, true);
INSERT INTO serie (id, name, picture_file_name, display_order, genre_id, created, tv_show) VALUES (7, 'Mech a Kapradi', 'mechkapradi.jpeg', 2, 3, NULL, true);
INSERT INTO serie (id, name, picture_file_name, display_order, genre_id, created, tv_show) VALUES (8, 'Vcielka Maja', 'vcielkamaja.jpeg', 5, 3, NULL, true);
INSERT INTO serie (id, name, picture_file_name, display_order, genre_id, created, tv_show) VALUES (9, 'No Pockaj Zajac', 'nopockaj.jpeg', 6, 3, NULL, true);
INSERT INTO serie (id, name, picture_file_name, display_order, genre_id, created, tv_show) VALUES (10, 'Krtko', 'krtko.jpeg', 7, 3, NULL, true);
INSERT INTO serie (id, name, picture_file_name, display_order, genre_id, created, tv_show) VALUES (11, 'Maxipes Fik', 'fik.jpeg', 8, 3, NULL, true);
INSERT INTO serie (id, name, picture_file_name, display_order, genre_id, created, tv_show) VALUES (12, 'Spievankovo', 'spievankovo.jpeg', 1, 3, NULL, true);
INSERT INTO serie (id, name, picture_file_name, display_order, genre_id, created, tv_show) VALUES (13, 'Discovery Channel', 'discovery.jpeg', 1, 1, NULL, true);
INSERT INTO serie (id, name, picture_file_name, display_order, genre_id, created, tv_show) VALUES (14, 'Alien docs', 'aliendocs.jpeg', 4, 4, NULL, true);
INSERT INTO serie (id, name, picture_file_name, display_order, genre_id, created, tv_show) VALUES (15, 'James Bond', 'bond.jpeg', 1, 15, NULL, false);
INSERT INTO serie (id, name, picture_file_name, display_order, genre_id, created, tv_show) VALUES (16, 'Jamie Olivier', 'oliver.jpeg', 1, 1, NULL, true);
INSERT INTO serie (id, name, picture_file_name, display_order, genre_id, created, tv_show) VALUES (17, 'Matrix', 'matrix.jpeg', 5, 4, NULL, false);
INSERT INTO serie (id, name, picture_file_name, display_order, genre_id, created, tv_show) VALUES (22, 'Basnici', 'basnici.jpeg', 5, 6, NULL, false);
INSERT INTO serie (id, name, picture_file_name, display_order, genre_id, created, tv_show) VALUES (23, 'Blade Runner', 'bladerunner.jpeg', 6, 4, NULL, false);
INSERT INTO serie (id, name, picture_file_name, display_order, genre_id, created, tv_show) VALUES (25, 'Mickey Mouse', 'mickey.jpeg', 20, 3, NULL, true);
INSERT INTO serie (id, name, picture_file_name, display_order, genre_id, created, tv_show) VALUES (26, 'Pirati z Karibiku', 'pirati.jpeg', 22, 15, NULL, false);
INSERT INTO serie (id, name, picture_file_name, display_order, genre_id, created, tv_show) VALUES (27, 'Batman', 'batman.jpeg', 6, 4, NULL, false);
INSERT INTO serie (id, name, picture_file_name, display_order, genre_id, created, tv_show) VALUES (28, 'X-Men', 'x-men.jpeg', 7, 4, NULL, false);
INSERT INTO serie (id, name, picture_file_name, display_order, genre_id, created, tv_show) VALUES (29, 'Terminator', 'terminator.jpeg', 8, 4, NULL, false);
INSERT INTO serie (id, name, picture_file_name, display_order, genre_id, created, tv_show) VALUES (30, 'Finley', 'finley.jpeg', 30, 3, NULL, true);
INSERT INTO serie (id, name, picture_file_name, display_order, genre_id, created, tv_show) VALUES (31, 'Doba Ledova', 'doba-ledova.jpeg', 31, 3, NULL, false);
INSERT INTO serie (id, name, picture_file_name, display_order, genre_id, created, tv_show) VALUES (32, 'Rocky', 'rocky.jpeg', 32, 15, NULL, false);
INSERT INTO serie (id, name, picture_file_name, display_order, genre_id, created, tv_show) VALUES (33, 'Shrek', 'shrek.jpeg', 33, 3, NULL, false);
INSERT INTO serie (id, name, picture_file_name, display_order, genre_id, created, tv_show) VALUES (34, 'Hobbit', 'hobbit.jpeg', 34, 4, NULL, false);
INSERT INTO serie (id, name, picture_file_name, display_order, genre_id, created, tv_show) VALUES (35, 'Postak Pat', 'postman_pat.jpg', 35, 3, NULL, true);
INSERT INTO serie (id, name, picture_file_name, display_order, genre_id, created, tv_show) VALUES (36, 'Angelina Ballerina', 'angelina-ballerina.jpg', 36, 3, NULL, true);
INSERT INTO serie (id, name, picture_file_name, display_order, genre_id, created, tv_show) VALUES (37, 'Fast and Furious', 'fast-and-furious.jpg', 37, 15, NULL, false);
INSERT INTO serie (id, name, picture_file_name, display_order, genre_id, created, tv_show) VALUES (38, 'Star Trek', 'star-trek.jpg', 38, 4, NULL, false);
INSERT INTO serie (id, name, picture_file_name, display_order, genre_id, created, tv_show) VALUES (39, 'Zvonilka', 'tinkerbell.jpg', 39, 3, NULL, false);
INSERT INTO serie (id, name, picture_file_name, display_order, genre_id, created, tv_show) VALUES (40, 'Transformers', 'transformers.jpg', 40, 4, NULL, false);
INSERT INTO serie (id, name, picture_file_name, display_order, genre_id, created, tv_show) VALUES (51, 'Die Hard', 'die-hard.jpg', 51, 15, NULL, false);
INSERT INTO serie (id, name, picture_file_name, display_order, genre_id, created, tv_show) VALUES (52, 'Band of Brothers', 'bob.jpeg', 976, 15, '2015-06-26 21:35:00.940405', true);
INSERT INTO serie (id, name, picture_file_name, display_order, genre_id, created, tv_show) VALUES (1000, 'Game of Thrones', 'got.jpg', 1000, 4, NULL, true);
INSERT INTO serie (id, name, picture_file_name, display_order, genre_id, created, tv_show) VALUES (1001, 'Madagascar', 'madagascar.jpg', 1, 3, '2015-04-18 12:41:56.263521', false);
INSERT INTO serie (id, name, picture_file_name, display_order, genre_id, created, tv_show) VALUES (1002, 'Spiderman', 'spiderman.jpg', 1, 4, '2015-04-18 12:44:27.682262', false);
INSERT INTO serie (id, name, picture_file_name, display_order, genre_id, created, tv_show) VALUES (1003, 'Godfather', 'godfather.jpg', 1, 15, '2015-04-18 12:45:33.431501', false);
INSERT INTO serie (id, name, picture_file_name, display_order, genre_id, created, tv_show) VALUES (1004, 'Pilates', 'pilates.jpg', 1, 1, '2015-04-18 12:48:54.344587', true);
INSERT INTO serie (id, name, picture_file_name, display_order, genre_id, created, tv_show) VALUES (1005, 'Zora Czoborova', 'zora-czoborova.jpg', 1, 1, '2015-04-18 12:49:11.655494', true);
INSERT INTO serie (id, name, picture_file_name, display_order, genre_id, created, tv_show) VALUES (1006, 'Fit Lopta', 'fit-lopta.jpg', 1, 1, '2015-04-18 13:18:56.740095', true);
INSERT INTO serie (id, name, picture_file_name, display_order, genre_id, created, tv_show) VALUES (30000, 'Randall & Hopkirk', 'randall-hopkirk.jpg', 39, 15, '2014-07-30 19:35:49.242', true);
INSERT INTO serie (id, name, picture_file_name, display_order, genre_id, created, tv_show) VALUES (30010, 'Scooby Doo', 'scooby-doo.jpg', 40, 3, '2014-07-30 19:37:22.221', true);
INSERT INTO serie (id, name, picture_file_name, display_order, genre_id, created, tv_show) VALUES (30020, 'Tom & Jerry', 'tom-jerry.jpg', 41, 3, '2014-07-30 19:38:22.857', true);
INSERT INTO serie (id, name, picture_file_name, display_order, genre_id, created, tv_show) VALUES (30300, 'Nightmare Before Christmas', 'nightmare-before-christmas.jpg', 0, 4, '2014-08-18 19:55:12.425', true);
INSERT INTO serie (id, name, picture_file_name, display_order, genre_id, created, tv_show) VALUES (33640, 'Ja, zloduch', 'ja-zloduch.jpg', 42, 3, '2014-12-26 18:10:25.663', false);
INSERT INTO serie (id, name, picture_file_name, display_order, genre_id, created, tv_show) VALUES (33930, 'Lethal Weapon', 'lethal-weapon.jpg', 1, 15, '2015-02-04 18:39:39.028', false);
INSERT INTO serie (id, name, picture_file_name, display_order, genre_id, created, tv_show) VALUES (33940, 'Expendables', 'expendables.jpg', 1, 15, '2015-02-04 18:41:38.52', false);
INSERT INTO serie (id, name, picture_file_name, display_order, genre_id, created, tv_show) VALUES (35070, 'Spiderman Animated', 'spiderman-animated.jpg', 40, 3, '2015-03-23 18:29:33.912', true);
INSERT INTO serie (id, name, picture_file_name, display_order, genre_id, created, tv_show) VALUES (35071, 'Mad Max', 'mad-max.jpeg', 1001, 15, '2015-07-11 21:25:17.60884', false);
INSERT INTO serie (id, name, picture_file_name, display_order, genre_id, created, tv_show) VALUES (35080, 'X-Men Animated', 'x-men-animated.jpg', 41, 3, '2015-03-23 18:30:09.723', true);
INSERT INTO movie (id, file_name, name, genre_id, serie_id, language, subtitles, original_language, original_name, url, picture_file_name, display_order, description, created, year, web_page) VALUES (1, '201510/SCOOBY_Patalie_s_Lochneskou.m4v', 'Patalie s Lochneskou', 3, 30010, 'cz', '  ', 'en', '', '', 'SCOOBY_Patalie_s_Lochneskou.jpg', 1, '', '2015-10-16 22:04:35.955', NULL, NULL);
INSERT INTO movie (id, file_name, name, genre_id, serie_id, language, subtitles, original_language, original_name, url, picture_file_name, display_order, description, created, year, web_page) VALUES (2, '201510/DITE 44.m4v', 'Dite 44', 15, 0, 'cz', 'cz', 'en', 'Child 44', 'http://www.csfd.cz/film/336665-dite-cislo-44/', 'DITE 44.jpg', 0, 'Lev Děmidov je válečný hrdina, jeho svědomitá práce pro sovětskou tajnou policii mu zajistila postavení, dobré bydlení pro sebe i pro rodiče a krásnou ženu. Nikdo si ale nemůže být ničím jistý, Děmidov odmítne udat svou ženu a je státní mocí ze dne na den degradován a poslán do vyhnanství. Zde narazí na vraždu, která se podobá jinému případu, označenému za nehodu. S kariérou a životem na padrť začne hledat sériového vraha. Ovšem ve stalinistickém Sovětském svazu v 50. letech něco jako vražda oficiálně neexistuje, musí proto pátrat na vlastní pěst a tajně proti vůli režimu. Jak vyšetřování pokračuje, rozsah rituálních vražd dostává strašlivé rozměry. Přestože jakákoliv pomoc hrozí zatčením, získá nečekaného spojence. Smyčka se postupně utahuje jak kolem vraha, tak kolem hlavních hrdinů.(Bontonfilm CZ)', '2015-10-16 22:04:36.003', 2015, '');
INSERT INTO movie (id, file_name, name, genre_id, serie_id, language, subtitles, original_language, original_name, url, picture_file_name, display_order, description, created, year, web_page) VALUES (3, '201510/Scooby_Kde_vezi_ten_vlkodlak.m4v', 'Kde vezi ten vlkodlak', 3, 30010, 'cz', '  ', 'en', '', '', 'Scooby_Kde_vezi_ten_vlkodlak.jpg', 2, '', '2015-10-16 22:04:36.01', NULL, NULL);
INSERT INTO movie (id, file_name, name, genre_id, serie_id, language, subtitles, original_language, original_name, url, picture_file_name, display_order, description, created, year, web_page) VALUES (4, '201510/SCOOBY_Scooby_se_slehackou.m4v', 'Se slehackou', 3, 30010, 'cz', '  ', 'en', '', '', 'SCOOBY_Scooby_se_slehackou.jpg', 3, '', '2015-10-16 22:04:36.016', NULL, NULL);
INSERT INTO movie (id, file_name, name, genre_id, serie_id, language, subtitles, original_language, original_name, url, picture_file_name, display_order, description, created, year, web_page) VALUES (5, '201510/SCOOBY_Cary_mary_fuk_kdopak_je_ten_duch.m4v', 'Cary mary fuk, kdopak je ten duch', 3, 30010, 'cz', '  ', 'en', '', '', 'SCOOBY_Cary_mary_fuk_kdopak_je_ten_duch.jpg', 4, '', '2015-10-16 22:04:36.021', NULL, NULL);
INSERT INTO movie (id, file_name, name, genre_id, serie_id, language, subtitles, original_language, original_name, url, picture_file_name, display_order, description, created, year, web_page) VALUES (6, '201510/Ovecka Shaun.m4v', 'Ovecka Shaun ve filmu', 3, 0, 'cz', '  ', 'en', 'Shawn The Sheep in the Movie', 'http://www.csfd.cz/film/340977-ovecka-shaun-ve-filmu/', 'Ovecka Shaun.jpg', 0, 'Život na farmě je nekonečná nuda. Každý den plyne ve stejném rytmu, Shaun musí poslouchat a dělat co farmář nařídí. Jak jen mít jeden jediný den volna? To chce pořádný plán, takže Shaun vymyslí způsob, jak mít zase jeden odpočinkový den. Ale i plánovat se musí umět a každý plán se může zvrtnout! Shaun a další ovce přijdou s mazaným trikem jak farmáře uspat. Skáčou stále dokolečka přes ohradu, farmář počítá, počítá a počítá své ovečky, až nakonec usne. Ovce potom farmáře opatrně uloží do starého karavanu v rohu hřiště a předstírají, že je noc. Když farmářův věrný pes Bitzer zjistí, co ovce udělaly, celý plán končí. Blitzer se snaží farmáře dostat z karavanu, ale karavan se uvolní a přes všechny překážky vyjede ven na silnici i se spícím farmářem uvnitř. Bitzer vyrazí za karavanem, který ujíždí přímo do velkoměsta. Shaun a ovčí stádo zatím hospodaří na farmě. Farmář a pes se z města stále nevracejí a na farmě zavládne chaos. Stádo se Shaun v čele se rozhodne napravit svoji chybu a vydá se do velkoměsta najít farmáře a jeho věrného Bitzera. Na této záchranné výpravě je čeká mnoho dobrodružství. Budou Shaun a kamarádi schopni najít svého farmáře dřív, než se ztratí navždy?(Bohemia MP)', '2015-10-16 22:04:36.027', 2015, '');
INSERT INTO movie (id, file_name, name, genre_id, serie_id, language, subtitles, original_language, original_name, url, picture_file_name, display_order, description, created, year, web_page) VALUES (7, '201510/DARK_FURY_1.m4v', 'Riddick: Dark Fury', 4, 0, 'cz', 'cz', 'en', 'Riddick: Dark Fury', 'http://www.csfd.cz/film/173962-riddick-temna-hrozba/', 'DARK_FURY_1.jpg', 0, 'Riddick: Temná hrozba představuje spojovací článek mezi filmy Černočerná Tma a Riddick: Kronika Temna. Po opuštění planety obývané krvelačnými tvory se Riddick, Imam a Jack setkají s vesmírnou lodí, jejíž kapitánka loví ty nejhledanější násilníky a vrahy, které však neodevzdává do rukou spravedlnosti, ale dělá si z nich živé sochy. Riddicka samozřejmě zná a chce z něj mít svojí trofej, jenže předtím se chce trochu pobavit a vidět jeho schopnosti v akci...(cyberhawk)', '2015-10-16 22:04:36.033', 2004, '');
INSERT INTO movie (id, file_name, name, genre_id, serie_id, language, subtitles, original_language, original_name, url, picture_file_name, display_order, description, created, year, web_page) VALUES (8, '201510/SCOOBY_Strasidelny_dum.m4v', 'Strasidelny dum', 3, 30010, 'cz', '  ', 'en', '', '', 'SCOOBY_Strasidelny_dum.jpg', 5, '', '2015-10-16 22:04:36.044', NULL, NULL);
INSERT INTO movie (id, file_name, name, genre_id, serie_id, language, subtitles, original_language, original_name, url, picture_file_name, display_order, description, created, year, web_page) VALUES (9, '201510/DARK_FURY_2.m4v', 'Riddick: Dark Fury doc', 1, 0, 'en', '  ', 'en', 'Riddick: Dark Fury doc', 'http://www.csfd.cz/film/173962-riddick-temna-hrozba/', 'DARK_FURY_2.jpg', 0, 'Riddick: Temná hrozba představuje spojovací článek mezi filmy Černočerná Tma a Riddick: Kronika Temna. Po opuštění planety obývané krvelačnými tvory se Riddick, Imam a Jack setkají s vesmírnou lodí, jejíž kapitánka loví ty nejhledanější násilníky a vrahy, které však neodevzdává do rukou spravedlnosti, ale dělá si z nich živé sochy. Riddicka samozřejmě zná a chce z něj mít svojí trofej, jenže předtím se chce trochu pobavit a vidět jeho schopnosti v akci...(cyberhawk)', '2015-10-16 22:04:36.05', 2004, '');
INSERT INTO movie (id, file_name, name, genre_id, serie_id, language, subtitles, original_language, original_name, url, picture_file_name, display_order, description, created, year, web_page) VALUES (10, '201510/Scooby_Vlkodoo_z_rodinneho_sidla.m4v', 'Vlkodoo z rodinneho sidla', 3, 30010, 'cz', '  ', 'en', '', '', 'Scooby_Vlkodoo_z_rodinneho_sidla.jpg', 6, '', '2015-10-16 22:04:36.056', NULL, NULL);
INSERT INTO movie (id, file_name, name, genre_id, serie_id, language, subtitles, original_language, original_name, url, picture_file_name, display_order, description, created, year, web_page) VALUES (11, '201510/Scooby_Kdo_se_boji_vlkodlaka.m4v', 'Kdo se boji vlkodlaka', 3, 30010, 'cz', '  ', 'en', '', '', 'Scooby_Kdo_se_boji_vlkodlaka.jpg', 7, '', '2015-10-16 22:04:36.061', NULL, NULL);
INSERT INTO movie (id, file_name, name, genre_id, serie_id, language, subtitles, original_language, original_name, url, picture_file_name, display_order, description, created, year, web_page) VALUES (12, '201510/SCOOBY_Komu_vadi_prisera.m4v', 'Komu vadi prisera', 3, 30010, 'cz', '  ', 'en', '', '', 'SCOOBY_Komu_vadi_prisera.jpg', 8, '', '2015-10-16 22:04:36.066', NULL, NULL);
INSERT INTO movie (id, file_name, name, genre_id, serie_id, language, subtitles, original_language, original_name, url, picture_file_name, display_order, description, created, year, web_page) VALUES (13, '201510/U2_360_D1.m4v', 'U2 - 360 Live from the Rose Bowl', 1, 0, 'en', '  ', 'en', 'U2 - 360 Live from the Rose Bowl', 'http://www.csfd.cz/film/279778-u2-360-zive-z-rose-bowl/', 'U2_360_D1.jpg', 0, 'I když se skupina U2 na svém turné i letos vyhne naší republice, jejich příznivci si mohou na HBO vychutnat atmosféru koncertu v americkém Pasadena Rose Bowl, kde se sešlo více než 97 000 diváků, a který se přenášel přes stream na youtube.com do celého světa. Konečně se dočkají i čeští fanoušci a budou moci zhlédnout poslední velké turné U2 s názvem „The 360° Tour“. U2 se sice při svém více než dvouletém turné opět vyhnou České republice, ale budou nablízku - například ve Vídni (30.8.2010) nebo v Mnichově (15.9.2010). Mezitím si můžete vychutnat atmosféru jejich koncertu na HBO a to vše v nebývalé kvalitě a s komfortem. Koncert se natáčel na 27 kamer v americkém Pasadena Rose Bowl, kde se sešlo více než 97 000 diváků, a přenášel se přes stream na youtube.com do celého světa, takže celkový počet diváků překročil 10 miliónů!(oficiální text distributora)', '2015-10-16 22:04:36.071', 2009, '');
INSERT INTO movie (id, file_name, name, genre_id, serie_id, language, subtitles, original_language, original_name, url, picture_file_name, display_order, description, created, year, web_page) VALUES (14, '201510/SCOOBY_Dedicem.m4v', 'Scooby dedicem', 3, 30010, 'cz', '  ', 'en', '', '', 'SCOOBY_Dedicem.jpg', 9, '', '2015-10-16 22:04:36.08', NULL, NULL);
INSERT INTO movie (id, file_name, name, genre_id, serie_id, language, subtitles, original_language, original_name, url, picture_file_name, display_order, description, created, year, web_page) VALUES (895, 'Alien/doc/Alien^3 doc Pre Production - Part III.m4v', 'Alien3 Pre Part III', 1, 14, 'en', '  ', 'en', NULL, NULL, 'Alien^3 doc Pre Production - Part III.jpg', 51, NULL, NULL, NULL, NULL);
INSERT INTO movie (id, file_name, name, genre_id, serie_id, language, subtitles, original_language, original_name, url, picture_file_name, display_order, description, created, year, web_page) VALUES (778, '2001 - A Space Odyssey.m4v', '2001 - A Space Odyssey', 4, NULL, 'cz', '  ', 'en', NULL, 'http://www.imdb.com/title/tt0062622/', '2001 - A Space Odyssey.jpg', 30, 'Directed by Stanley Kubrick.  With Keir Dullea, Gary Lockwood, William Sylvester, Daniel Richter. Humanity finds a mysterious, obviously artificial, object buried beneath the Lunar surface and, with the intelligent computer H.A.L. 9000, sets off on a quest.', NULL, 1968, '');
INSERT INTO movie (id, file_name, name, genre_id, serie_id, language, subtitles, original_language, original_name, url, picture_file_name, display_order, description, created, year, web_page) VALUES (957, 'Detske/Krtek/Krtkova dobrodruzstvi - Krtek a buldozer.m4v', 'buldozer', 3, 10, 'cz', '  ', 'cz', NULL, NULL, 'Krtkova dobrodruzstvi - Krtek a buldozer.jpg', 2, NULL, NULL, NULL, NULL);
INSERT INTO movie (id, file_name, name, genre_id, serie_id, language, subtitles, original_language, original_name, url, picture_file_name, display_order, description, created, year, web_page) VALUES (779, '5th Element.m4v', '5th Element', 4, NULL, 'cz', '  ', 'en', NULL, 'http://www.imdb.com/title/tt0119116/', '5th Element.jpg', 5, 'Directed by Luc Besson. With Bruce Willis, Milla Jovovich, Gary Oldman, Ian Holm. In the colorful future, a cab driver unwittingly becomes the central figure in the search for a legendary cosmic weapon to keep Evil and Mr Zorg at bay.', NULL, 1997, '');
INSERT INTO movie (id, file_name, name, genre_id, serie_id, language, subtitles, original_language, original_name, url, picture_file_name, display_order, description, created, year, web_page) VALUES (780, 'Ali G Indahouse.m4v', 'Ali G Indahouse', 9, NULL, 'cz', '  ', 'en', 'Ali G Indahouse', 'http://www.csfd.cz/film/11932-ali-g-indahouse-film/', 'Ali G Indahouse.jpg', 10, 'Obklopen svými věrnými se ALI G se svou přítelkyní Julií náhle stává největším ze všech hrdinů - nepřemožitelným, nenasytným a samozřejmě neodolatelným pro všechny dívky! ALI G - kontroverzní a podařený filmový hit číslo 1 s originální superstar britské komedie ze Staines! Tak, jak jste ho nikdy před tím neviděli.(oficiální text distributora)', NULL, 2002, '');
INSERT INTO movie (id, file_name, name, genre_id, serie_id, language, subtitles, original_language, original_name, url, picture_file_name, display_order, description, created, year, web_page) VALUES (781, 'Alica v risi divov -- Alice in Wonderland.m4v', 'Alica v risi divov', 4, NULL, 'cz', '  ', 'en', 'Alice in Wonderland', 'http://www.imdb.com/title/tt1014759/', 'Alica v risi divov -- Alice in Wonderland.jpg', 40, 'Directed by Tim Burton.  With Mia Wasikowska, Johnny Depp, Helena Bonham Carter, Anne Hathaway. Nineteen-year-old Alice returns to the magical world from her childhood adventure, where she reunites with her old friends and learns of her true destiny: to end the Red Queen''s reign of terror.', NULL, 2010, '');
INSERT INTO movie (id, file_name, name, genre_id, serie_id, language, subtitles, original_language, original_name, url, picture_file_name, display_order, description, created, year, web_page) VALUES (782, 'Americky prezident.m4v', 'Americky prezident', 6, NULL, 'cz', '  ', 'en', 'The American President', 'http://www.csfd.cz/film/7619-americky-prezident/', 'Americky prezident.jpg', 40, 'Muž potká ženu a tisk sleduje každý jejich pohyb, rivalové útočí a popularita prezidentského úřadu klesá během sedmi týdnů ze 63% na 41%. Když jste prezidentem, každý ví, jak žijete. Michael Douglas se v této úspěšné romantické komedii jako ovdovělý prezident Spojených států zamiluje do ochránkyně životního prostředí (Annette Bening). Režisér Rob Reiner rozehrává příběh jeho týmu (Martin Sheen, Michael J. Fox, David Paymer, Anna Deavere Smith) a škodolibého protivníka (Richard Dreyfuss). Slavnostní večeře, formální protokoly, kouzelné soukromé chvíle, globální krize to vše je v báječné a vtipné komedii o lásce a moci v Americe 90. let.(oficiální text distributora)', NULL, 1995, '');
